player_name,country,weight_class,stance,years_active,total_fights,wins,losses,draws,kos,ko_percentage,world_titles_held,undisputed_titles,lineal_titles,ring_magazine_titles,peak_p4p_ranking,signature_win,major_upset_wins,title_defenses,unified_title_defenses,avg_punches_landed_per_round,avg_punches_thrown_per_round,knockdowns_scored,knockdowns_received,height_cm,reach_cm,age_at_debut,fights_in_hometown,doping_tests_passed,doping_tests_failed,hall_of_fame_inducted,major_awards,years_as_champion,notable_rivalries,avg_attendance_events,ppv_buys_millions,longest_win_streak,earliest_round_ko,career_earnings_million_usd,retirement_year,trainer_name
Floyd Mayweather Jr.,USA,Welterweight,Orthodox,21,50,50,0,0,27,54.0,15,0,4,3,1,8,2,26,10,12.0,30.0,25,1,173,183,19,6,200,0,0,5,14,4,13000,24.0,50,1,1000.0,2017,Floyd Mayweather Sr.
Manny Pacquiao,Philippines,Welterweight,Southpaw,26,72,62,8,2,39,54.2,13,0,5,3,1,10,3,25,5,14.0,50.0,30,10,166,170,16,10,180,0,0,6,15,5,14000,20.0,15,1,500.0,2021,Freddie Roach
Muhammad Ali,USA,Heavyweight,Orthodox,21,61,56,5,0,37,60.7,3,1,3,3,1,8,2,19,0,15.0,45.0,30,4,191,198,18,2,0,0,1,5,10,4,20000,0.0,31,1,50.0,1981,Angelo Dundee
Mike Tyson,USA,Heavyweight,Orthodox,20,58,50,6,2,44,75.9,5,1,1,2,1,5,1,9,9,18.0,38.0,39,9,178,180,18,3,5,0,1,4,4,4,16000,12.0,37,1,400.0,2005,Cus D'Amato
Joe Louis,USA,Heavyweight,Orthodox,17,69,66,3,0,52,75.4,1,1,1,1,1,6,2,25,0,17.0,40.0,40,3,188,193,20,2,0,0,1,3,12,2,30000,0.0,27,1,4.0,1951,Jack Blackburn
Sugar Ray Robinson,USA,Welterweight/Middleweight,Orthodox,25,200,174,19,6,109,54.5,6,1,2,2,1,10,2,15,0,17.5,45.0,80,7,180,183,19,5,0,0,1,5,10,3,15000,0.0,91,1,4.5,1965,George Gainford
Rocky Marciano,USA,Heavyweight,Orthodox,8,49,49,0,0,43,87.8,1,1,1,1,1,4,1,6,0,20.0,40.0,30,2,179,173,23,2,0,0,1,2,4,1,20000,0.0,49,1,1.0,1955,Charlie Goldman
Evander Holyfield,USA,Cruiserweight/Heavyweight,Orthodox,27,57,44,10,2,29,50.9,6,2,2,2,2,6,2,12,3,16.0,42.0,25,8,189,197,22,3,10,0,1,3,10,3,15000,7.0,28,1,250.0,2011,Lou Duva
